 Adele ,Adele Laurie Blue Adkins,Adele Adkins
 Joey + Rory 
 Draaco Aventura 
 Justin Bieber ,Justin Drew Bieber
 Peer van Mladen 
 Chris Janson ,Chris Jansen
 One Direction 
 Drake ,Aubrey Drake Graham,Drizzy,6 God,Champagne Papi,Aubrey D. Graham,Aubrey Graham,C. Papi
 Carrie Underwood ,Carrie Marie Underwood
 Ed Sheeran ,Edward C. Sheeran,Edward Christopher Sheeran,Edward Sheeran
 Taylor Swift ,Nils Sjöberg,Taylor A. Swift,Taylor Alison Swift
 SayWeCanFly ,Braden Barrie
 Selena Gomez ,Selena Marie Gomez
 Chris Brown ,Christopher M. Brown,C-Syzle,C Sizzle,Christopher Brown,Christopher Maurice Brown,Chris Breezy
 Nicki Minaj 
 Fifth Harmony 
 Thomas Rhett  ,Thomas Rhett Akins Jr.
 Eminem ,Marshall Bruce Mathers III,Marshall Mathers,Slim Shady,Slim,Shady,Ken Kaniff
 Beyoncé ,Beyoncé Knowles,Sasha Fierce,B.B. Homemaker,Beyoncé Knowles-Carter,Beyoncé Giselle Knowles,Queen Bey,Beyoncé Giselle Knowles-Carter,Beyoncé G. Knowles-Carter,Beyoncé G. Knowles,Beyoncé Gisselle Knowles-Carter,Beyoncé Gisselle Knowles
 Meghan Trainor ,Meghan Elizabeth Trainor
 Twenty One Pilots ,TWENTY ØNE PILØTS
 Fetty Wap ,Willie Junior Maxwell II,Harlem Fetty,Willie Maxwell,William Maxwell,Willie Francis Bennilava Maxwell,Willie Maxwell II
 5 Seconds Of Summer ,5SOS,Five Seconds Of Summer
 Jason Aldean 
 Luke Bryan ,Thomas L. Bryan,Thomas Luther Bryan
 Blake Shelton 
 Rihanna ,Robyn Fenty,Robyn Rihanna Fenty,R. Fenty,Bad Girl Riri,Robyn R. Fenty
 Elvis Presley ,Elvis Aaron Presley
 Ariana Grande ,Ariana Grande-Butera
 Lil Wayne ,Dwayne Michael Carter Jr,Dwayne Michael Carter,Little Wayne,Young Mulah,Weezy F. Baby,Lil Tunechi,Lil Weezy Ana,Weezy,Dwayne Carter
 Demi Lovato ,Demetria Devonne Lovato
 Maroon 5 
 Sam Hunt ,Sam L. Hunt,Sam Lawry Hunt
 George Strait 
 Wiz Khalifa ,Cameron Thomaz,Cameron Jibril Thomaz,Wizzle,Wizzle Man,Young Khalifa
 Miranda Lambert ,Miranda L. Lambert,Miranda Leigh Lambert
 DJ Khaled ,Khaled Mohamed Khaled
 Porno for Pyros 
 Katy Perry ,Katheryn E. Hudson,Katheryn Hudson,Katheryn Elizabeth Hudson
 Miley Cyrus ,Destiny Cyrus,Destiny Hope Cyrus,Miley Ray Cyrus
 Tim McGraw ,Samuel McGraw,Samuel T. McGraw,Samuel Timothy McGraw
 The Weeknd ,King of the Fall,"Abel ""The Weeknd"" Tesfaye",Abel M. Tesfaye,A. Tesfaye,Abel Makkonen Tesfaye,Kin Kane,Abel Tesfaye
 Macklemore & Ryan Lewis ,Ryan Lewis & Macklemore
 Ellie Goulding ,Elena Jane Goulding
 Michael Jackson ,King of Pop,Michael Joseph Jackson
 Rascal Flatts 
 Britney Spears ,Britney Jean Spears
 Zac Brown Band 
 Future ,Future Hendrix,Big Pluto,Nayvadius Cash,Nayvadius DeMun Wilburn,Nayvadius Wilburn,Nayvadius D. Wilburn,Future Hndrxx,The Wizrd
 Lady Antebellum ,Lady Antebellum
 Adam Levine ,Adam N. Levine,Adam Noah Levine
 Janet Jackson ,Janet D. J. Jackson,Janet Damita Jo Jackson
 Keith Urban 
 Sam Smith ,Samuel F. Smith,Samuel Frederick Smith
 Jason Derulo ,Jason Joel Desrouleaux,Jason Desrouleaux
 Tori Kelly 
 2Pac ,Pac,MC New York,Makaveli,Tupac Shakur,Makaveli the Don,Lesane P. Crooks,2Pac Shakur,Tupac Amaru Shakur,Lesane Parish Crooks,Tupac
 Ciara ,Ciara Harris Wilson,Ciara Princess Harris,Ciara Harris,C.P. Harris
 Old Dominion 
 Randy Houser 
 Eric Church ,Kenneth E. Church,Kenneth Eric Church
 Shakira ,Shakira Isabel Mebarak Ripoll  Lakim Shabazz ,Lakim Shabazz (Flavor Unit)
 Bruno Mars ,Peter Hernandez,Peter G. Hernandez,Peter Gene Hernandez
 Little Big Town 
 Rick Ross ,William L. Roberts II,William Leonard Roberts II,William Roberts II,Ricky Rozay
 Toby Keith 
 Brian Collins 
 Sia ,SIa Furler,Sia K. I. Furler,Sia Furler. Sia Kate Isobelle Furler
 Dixie Chicks ,Dixie Chicks
 Kanye West ,Kanye,Yeezus,Kanye Omari West,Mr. West,Yeezy,Louis Vuitton Don,Ye,Yandhi,Martin Louis The King Jr,Christian Genius Billionaire,Kanye O. West
 Shania Twain ,Eilleen Edwards,Eilleen R. Edwards,Eilleen Regina Edwards,Eilleen Lange,Eilleen R. Lange,Eilleen Regina Lange
 Enrique Iglesias 
 The Band Perry 
 Kellie Pickler ,Kellie Dawn Pickler
 Randy Owen ,Randy Yeuell Owen
 Kelsea Ballerini 
 Lana Del Rey ,Lana Del Ray,Elizabeth Grant,Sparkle Jump Rope Queen,Lizzy Grant,May Jailer,Elizabeth Woolridge Grant
 Freddie Mercury 
 Martin Garrix 
 Brett Eldredge 
 Trey Songz ,Tremaine Aldon Neverson,Tremaine Neverson,Mr. Steal Yo Girl
 Young Thug ,Travis Scott & Young Thug
 Mariah Carey 
 Jennifer Lopez ,Jennifer L. Lopez,Jennifer Lynn Lopez,JLo
 Shawn Mendes 
 Halsey 
 The XX 
 Kurt Stevens 
 R. Kelly ,Robert Kelly,Robert S. Kelly,Robert Sylvester Kelly
 50 Cent ,Curtis James Jackson III,Curtis '50 Cent' Jackson,Curtis Jackson
 Kenny Chesney ,Kenny Arnold Chesney
 Linkin Park ,Hybrid Theory,Xero,MMM...COOKIES
 Akon ,Aliune Akon Thiam,Aliaune Damala Badara Akon Thiam,Aliaune Thiam
 Avenged Sevenfold ,A7X
 John Legend ,John Stephens
 Cole Swindell 
 Justin Moore 
 Jewel ,Jewel Kilcher
 Maddie & Tae 
 Chris Young ,Christopher A. Young,Christopher Alan Young
 Hunter Hayes 
 Canaan Smith 
 Drake, Aubrey Drake Graham,Drizzy,6 God,Champagne Papi,Aubrey D. Graham,Aubrey Graham,C. Papi
 Albert Phillips 
 Brantley Gilbert 
 Coldplay 
 Jay Z ,Shawn Corey Carter,Jay-Hova,Jiggaman,Young Hov,Shawn C. Carter,Hov,Jigga,Shawn Carter,The Carter Administration
 Lady Gaga 
 Lil Fizz 
 Iggy Azalea ,Amethyst Amelia Kelly
 Chase Rice 
 Danielle Bradbery 
 Dustin Lynch 
 Kacey Musgraves ,Kacey L. Musgraves,Kacey Lee Musgraves
 Alan Jackson ,Alan Eugene Jackson Redman ,Reggie,Reginald Noble
 Backstreet Boys ,BSB
" Hank Williams, Jr. ",Randall Hank Williams Jr.
 The Vamps 
 Jaden Smith ,Jaden Syre Smith,Jaden Smith,Jaden Christopher Syre Smith
 JoJo ,Hotheadzz hmmm,E-Mann & JoJo (Hott Headzz),Hot headz,Hotheadzz
 Kendrick Lamar ,Kendrick Duckworth,Pulitzer Kenny,Kung Fu Kenny,Kendrick Lamar Duckworth,K-Dot
 Becky G 
 Josh Turner 
 Brad Paisley 
 Gwen Stefani 
 Mikel Knight 
 Rachel Platten 
 Reba McEntire ,Reba Nell McEntire
 Darius Rucker 
 Florida Georgia Line ,FLAGALine
 Barbra Streisand ,Barbara Streisand,Barbara J. Streisand,Barbara Joan Streisand
 Fall Out Boy ,Frosty and the Nightmare Making Machine
 Prince 
 K. Michelle ,Kimberly Pate,K. Michelle Pate,Kimberly Michelle,Kimberly Michelle Pate
 Little Mix 
 BLACKBEAR ,Matthew Musto,Matthew Tyler Musto
 Calvin Harris ,Adam Wiles,Adam R. Wiles,Adam Richard Wiles
 Jana Kramer ,Jana Rae Kramer
 Kenny Rogers ,Kenneth Donald Rogers,Kenneth Ray Rogers,Kenneth Rogers
 T.I. ,Clifford Harris,Clifford Joseph Harris Jr.,Clifford Joseph Harris,Clifford Harris Jr,T.I.P.
 Troye Sivan 
 Brothers Osborne 
 Rita Ora 
 TLC 
 Aaliyah ,Aaliyah Haughton,Aaliyah D. Haughton,Aaliyah Dana Haughton
 Kirk Franklin 
 Kid Rock 
 Skrillex 
 Ed Roman ,Edward J. Riman,Edward Jack Riman,Ed Riman,Edward Riman
 Don Williams ,Donnie Williams,Donald Ray Williams,Donald R. Williams
 Lonestar 
 Nelly ,Cornell Haynes Jr.,Cornell Haynes
 Willie Nelson ,Willie H. Nelson,Willie Hugh Nelson
 Zonke 
 Charli XCX ,Charlotte Aitchison,Charlotte Emma Aitchison
 X Ambassadors 
 Jessie J 
 Westlife 
 Tinashe ,Tinashe Kachingwe,Tinashe Jorgenson Kachingwe
 DMX ,Earl Simmons,Dark Man X
 Meek Mill ,Robert Rihmeek Williams,Robert R. Williams
 Usher ,U. Raymond,Usher Raymond IV,Usher Raymond
 BRANDY CLARK 
 Dolly Parton ,Dolly Rebecca Parton
 Foo Fighters 
 Mark Wills ,Daryl Mark Williams
 Prince Royce 
 Pentatonix ,PTX
 Flo Rida ,Tramar Lacel Dillard,Tramar Dillard
 Whitney Houston 
 Avril Lavigne ,Avril R. Lavigne,Avril Ramona Lavigne
 Pharrell Williams ,Pharrell,Skateboard P,Pharrell Lanscilo Williams,Pharrell L. Williams
 Dwight Yoakam ,Dwight David Yoakam
 Lee Brice 
 Barbara Mandrell 
 Black Veil Brides ,BVB
 Jamey Johnson 
 Jimmy Fortune 
 Johnny Cash ,John R. Cash,J.R. Cash
 Nick Jonas ,Nicholas Jonas,Nicholas Jerry Jonas
 Vince Gill ,Vincent G. Gill,Vincent Grant Gill
 Imagine Dragons 
 Jake Owen 
 Larry Hernandez 
 Martina McBride ,Martina Mariea Schiff
 Colt Ford ,Jason Farris Brown
 Dierks Bentley ,Frederick Bentley,Frederick D. Bentley,Frederick Dierks Bentley
 Guns N' Roses ,Guns and Roses
 Justin Timberlake ,Justin Randall,Justin R. Timberlake,Justin Randall Timberlake
 Kelly Clarkson 
 Metallica 
 Scotty McCreery 
 The Weekend ,Solána Rowe,Solána Imani Rowe
 Bim Skala Bim 
 Mark Ronson ,Mark D. Ronson,Mark Daniel Ronson
 Merle Haggard 
 Bea Miller ,Beatrice Miller,Beatrice Annika Miller
 Alessia Cara 
 A Thousand Horses 
 Brooks & Dunn 
 Elle King ,Tanner Schneider,Tanner Elle Schneider
 Rod Stewart 
 The Cadillac Three 
 Jacob Whitesides 
 Ja Rule ,Jeffrey B. Atkins,Jeffrey Bruce Atkins,Jeffrey Atkins
 Lauren Alaina 
 Marc Anthony 
 The Game ,Chuck Taylor,Hurricane Game,Jayceon Terrell Taylor,Jayceon Taylor
 The Pussycat Dolls ,PCD
 Tyler Farr 
 Clare Dunn 
 Adam Lambert 
 Andrea Bocelli 
 Gary Allan 
 George Jones ,Thumper Jones,George Glenn Jones
 Joe Jonas 
 Krystal Keith 
 Ray Charles ,Ray Charles Robinson
 Red Hot Chili Peppers ,RHCP,Red Hot,Chili Peppers
 The Oak Ridge Boys ,Wally Fowler and the Oak Ridge Quartet,Wally Fowler and the Georgia Clodhoppers,The Oak Ridge Quartet
 Kevin Gates ,Kevin Jerome Gilyard,Kevin Gilyard
 Cassadee Pope 
 August Alsina ,Rick Ross & August Alsina
 Rich Homie Quan ,Rich Homie,Rich Homie Baby,RHQ,Dequantes Lamar
 Air Supply 
 Brandy 
 OneRepublic 
 Pitbull ,Khaled Mohamed Khaled
 Robin Thicke 
 Snoop Dogg ,Calvin Cordozar Broadus Jr.,Tha Doggfather,Snoop,Calvin Broadus,Calvin Broadus Jr.,Calvin C. Broadus Jr.,Calvin Cordazar Broadus Jr.,Snoopy Collins,Calvin Cordozar Broadus,Niggarachi,Niggaracci,Bigg Snoop Dogg,DJ Snoopadelic,Snoopzilla,Snoop Doggy Dogg
 Travis Tritt ,James Travis Tritt
 Chvrches ,CHVRCHΞS
 Lorde ,Ella Marija Lani Yelich-O'Connor
 Alison Krauss & Union Station 
 A$AP Rocky ,Rocky Lord Flacko Jodye II,Rakim Meyers,PMF,Pretty Motherfucker,Pretty Flacko,Lord Flacko,Lord Pretty Flacko JODYE,Flacko
 Jeremih ,Jeremy P. Felton,Jeremy Felton
 Panic! At the Disco ,The Paul Revere Jumpsuit Apparatus
 Sheryl Crow ,Sheryl S. Crow,Sheryl Suzanne Crow
 Trace Adkins ,Tracy Darrell Adkins
 Tyga ,Michael Ray Nguyen-Stevenson,Michael Stevenson,Marshall Stevenson,King Gold Chains,Tygaman,Micheal Ray Stevenson,T-Raww
 Ruby Rose ,Coop And Cami
 Bone Thugs-n-Harmony ,Band Aid Boys,B.O.N.E. Enterpri$e,BTNH,Bone Thugs & Harmony
 David Nail 
 Duran Duran 
 Kip Moore 
 Wallpaper.  Rakim ,William Michael Griffin,William Griffin,The God MC, Kid Wizard, Rakim Allah, The R
 Dej Loaf ,Deja M. Trimble,Deja Monet Trimble,Deja Trimble
 Ashley Monroe ,Ashley L. Monroe,Ashley Lauren Monroe
 Christina Aguilera ,Christina M. Aguilera,Christina Maria Aguilera,Xtina
 Diana Ross 
 Luciano Pavarotti ,King of the High Cs
 Lucky Dube 
 Nas ,Nas X,Montero Lamar Hill,Montero Hill,Montero L. Hill,Lil Nas
 Norah Jones 
 Mason Noise 
 Madelyn Victoria 
 Alicia Keys ,Alicia Augello-Cook,Alicia Augello-Cook Dean
 Avicii ,Tom Hangs,Tim Berg,Tim Bergling
 Bryan Adams ,Bryan G. Adams,Bryan Guy Adams
 Faith Hill 
 MGK ,Richard Colson Baker,Colson Baker,MGK
 Scarface ,Le Duc,Kopp,B2o,Elie Yaffa,B2oba
 Austin Mahone 
 Disclosure 
 James Bay 
 Xander Demos 
 Jony Privat 
 Charlie Puth ,Charlie Otto Puth,Charles Otto Puth Jr.
 Amy Winehouse ,Amy Jade Winehouse
 G-Eazy 
 Gretchen Wilson 
 Jhené Aiko ,Jhené Aiko Chilombo,Jhené Aiko Efuru Chilombo,Jhene,J Hennessy,J Henny
 Mumford & Sons 
 Nickelback 
 Sara Evans 
 Sean Paul ,Sean P. F. Henriques,Sean Henriques,Sean Paul Francis Henriques,Dutty Paul
 Spice Girls 
 Train ,Jahseh D. Onfroy,Jah,Jahseh D. R. Onfroy,MAKE OUT HILL,Jahseh Dwayne Ricardo Onfroy,Jahseh,Jahseh Dwayne Onfroy,Yung Dagger Dick,XXX,Jahseh Onfroy
 William Michael Morgan 
 Alejandro Fernández ,Alejandro Fernández Abarca
 Conway Twitty ,Harold Jenkins,Harold Lloyd Jenkins
 Dr. Dre ,Dre,Doc,Brickhard,The Mechanic,Andre Romelle Young,Andre Young
 Ice-T ,Michael Schindler Eazy-E, Eazy,Eazy-mothafuckin-E,Eazy-Duz-It,Eric Wright,Eric Lynn Wright
 Jennifer Nettles 
 June Carter Cash ,June Carter
 Kris Kristofferson ,Kristoffer Kristian Kristofferson,Kristoffer Kristofferson
 Lil Boosie ,Torrence Hatch,Torrence Hatchet,Boosie Baby,Boosie,Lil Boosie,Lil Boosie AKA Boosie Badazz
 Lucinda Williams ,Lucinda G. Williams,Lucinda Gayl Williams  MC Ren ,Ren DJ Yella ,Yella
 Marvin Gaye ,Charlie Otto Puth,Charles Otto Puth Jr.
 The Script 
 Zedd 
 Kyle (Rapper) 
 Dan + Shay 
 Aaron Lewis 
 Amber Rose 
 Billy Currington 
 Cher Lloyd 
 Kurt Cobain ,Kurdt Kobain,Kurt Donald Cobain
 Paramore 
 P!nk ,Alecia B. Moore,Alecia Beth Moore,Pink
 Salt-N-Pepa 
 Slipknot ,Jahseh D. Onfroy,Jah,Jahseh D. R. Onfroy,MAKE OUT HILL,Jahseh Dwayne Ricardo Onfroy,Jahseh,Jahseh Dwayne Onfroy,Yung Dagger Dick,XXX,Jahseh Onfroy
 Tarkan 
 The Notorious B.I.G. ,The Black Frank White,Christopher George Latore Wallace,Christopher Wallace,Biggie Smalls,Biggie
 Charlie Allen 
 Joe Nichols 
 John Anderson 
 Lil' Kim 
 Nirvana 
 Owl City 
 Seal 
 The Beatles ,Sgt. Pepper's Lonely Hearts Club Band
 Zendaya 
 Céline Dion ,Céline Marie Claudette Dion
 Deitrick Haddon 
 Lionel Richie ,Lionel B. Richie Jr.,Lionel Brockman Richie Jr.
 Panjabi MC ,Punjabi Mc
 Randy Travis ,Randy Traywick,Randy Bruce Traywick
 blink-182 
 Brenda Lee ,Brenda Mae Tarpley
 Gene Watson 
 J. Cole ,Jermaine Cole,Jermaine Lamarr Cole,Young Simba,Jermaine L. Cole
 James Blunt 
 Sara Bareilles ,Sara B. Bareilles,Sara Beth Bareilles
 Sawyer Brown 
 Ty Dolla $ign ,Ty Dolla Signn,Ty Dolla,Tyrone Griffin Jr.,Tyrone Griffin,Tyrone W. Griffin Jr.,Tyrone W. Griffin,Tyrone William Griffin,Tyrone William Griffin Jr
 Heidi Feek 
 Sawyer Fredericks ,Sawyer C. Fredericks,Sawyer Christopher Fredericks
 Alice Cooper ,Alice Cooperr
 Ashanti ,Ashanti Douglas
 Diddy ,Puff Daddy,Sean John Combs,Sean Combs,Sean ''Puffy'' Combs,Puffy,P. Diddy
 Florence + The Machine ,Florence and the Machine
 Genesis ,Claire Elise Boucher,Claire Boucher,C Boucher
 Hank Williams ,Luke The Drifter,Hiram King Williams,Hank Williams Sr.
 Omarion ,Omarion (B2K),Omari Grandberry
 Shane Owens 
 The Mavericks 
 Tokio Hotel 
 Chief Keef ,Sosa Otto,Chief Sosa,Keith Cozart,Keith F. Cozart,Keith Farrelle Cozart,Almighty So
 Jess Glynne ,Jessica Glynne,Jessica Hannah Glynne
 Electric Light Orchestra ,ELO,Jeff Lynne's ELO
 Emmylou Harris 
 Julio Iglesias 
 LeAnn Rimes ,LeAnn Rimes Cibrian,Margaret LeAnn Rimes Cibrian
 My Chemical Romance 
 Torrent ,Ásgeir Trausti,Ásgeir Trausti Einarsson
 Zahara ,Zahara Pop
 Sarah Ross ,Sarah Restuccio
 Bryson Tiller ,Pen Griffey,Gawdtilla,Young Tiller,Bryson D. Tiller,Bryson Djuan Tiller,Bryson Dujuan Tiller
 Bee Gees 
 Bow Wow ,Shad Moss,Lil' Bow Wow
 Cam ,Camaron Marvel Ochs,Camaron Ochs
 Crazy Frog 
 David Allan Coe 
 Jaheim ,Jahiem
 Jake Miller 
 Jamie Foxx 
 Kem 
 Lorrie Morgan 
 Macklemore ,Ryan Lewis & Macklemore
 Luther Vandross 
 Major Lazer 
 Master P ,P. Miller,Percy Robert Miller,Percy Miller,Percy R. Miller
 Omi ,Omar Samuel Pasley
 Olivia Newton-John 
 Ricky Martin ,Enrique Martín Morales
 Ronnie Dunn 
 The Rolling Stones 
 The Runaways 
 mako girls ,Brye Sebring
 ABC ,The Jackson Five,The Jackson 5ive,The Jackson Brothers
 A.R. Rahman 
 Big Sean ,Shawn Michael Leonard Anderson,Shawn Michael Anderson
 Big Time Rush 
 Bob Marley 
 Bon Jovi 
 Clint Black ,Clint P. Black,Clint Patrick Black
 Fabolous 
 Hannah Montana ,Destiny Cyrus,Destiny Hope Cyrus,Miley Ray Cyrus
 Jessie James Decker ,Jessie James
 Ke$ha 
 Mario ,Mario Mims
 *NSync 
 Parokya ni Edgar 
 Rodney Carrington 
 Toni Braxton 
 Marianas Trench 
 big and rich 
 Travi$ Scott ,DJ Mustard & Travi$ Scott
 AVANT ,Nek le Fenek,Nekflamme,Feu
 PnB Rock ,Rakim Hasheem Allen,Rakim Allen
 Daddy Yankee 
 Eric Clapton 
 Green Day ,Sweet Children
 Kumar Sanu 
 LL Cool J ,James Todd Smith
 Meat Loaf 
 Scott Hoying 
 WALK THE MOON 
 Jon Pardi 
 Migos 
 Tove Lo ,Ebba Tove Elsa Nilsson
 Hozier ,Andrew Hozier-Byrne
 Ola Dips 
 2 Chainz ,Hair Weave Killer,Drench God,Tauheed Epps,Tity Boi
 AC/DC 
 All Time Low ,Jonathan David Bellion
 Billie Holiday ,Billy Holiday,Lady Day,Billie Holiday and Her Orchestra
 Bonnie Raitt ,Bonnie Lynn Raitt
 Buggles 
 Dailey & Vincent 
 Craig Morgan 
 Disturbed 
 Don Henley 
 French Montana ,Karim Kharbouch
 Gladys Knight ,Gladys Knight & Pips
 GWAR ,RAWG
 Jason Mraz 
 Lee Ann Womack 
 Marty Stuart 
 Michael Bolton 
 Sade ,Sade (band)
 Sugarland 
 The Black Keys 
 Yolanda Adams 
 Priyanka Chopra ,U. Raymond,Usher Raymond IV,Usher Raymond
 Echosmith 
 Anthony Hamilton 
 Bill Keith ,Myra Amos,Myra E. Amos,M. Ellen Amos,Myra Ellen Amos
 Calibre 50 
 Chipmunk ,Jahmaal,Jahmaal Noel Fyffe,Jahmaal Fyffe,Chipmunk
 Collective Soul 
 Def Leppard 
 Ice Cube ,Cube,O'Shea Jackson,O'Shea
 Erykah Badu ,Erica Wright,Erica A. Wright,Erica Abi Wright
 Flavor Flav ,Flava Flav
 John Mayer ,John Clayton Mayer
 Kid Ink 
 Los Tigres del Norte 
 Lindsay Ell 
 Lynyrd Skynyrd 
 Mindless Behavior 
 Pistol Annies 
 Rodney Atkins ,Rodney Atkins & Rose Falcon
 Shaggy ,Mr. Boombastic,Orville Burrell,Orville Richard Burrell,Orville R. Burrell
 T-Pain ,F. Najm,Teddy Verseti,Faheem Rasheed Najm,Faheem R. Najm,Faheem Najm
 Tina Turner 
 Tool 
 Trisha Yearwood 
 Waylon Jennings ,Waylon & Willie
 The Lacs 
 The Chainsmokers 
 HAVIC dynasty ,The Square Roots,Fifth-Dynasty,Illa-Fifth-Dynasty
 Nick Festari 
 Juice WRLD,Jarad Anthony Higgins,Jarad A. Higgins,Juice WORLD,Juice TheKidd,Jarad Higgins,Juice WRLD 999
 Alabama 
 Blackberry Smoke 
 Busta Rhymes ,Trevor George Smith,Trevor G. Smith Jr.,Trevor G. Smith,Trevor Smith,Trevor George Smith Jr.,Trevor Smith Jr.
 Chris Isaak ,Christopher Isaak,Christopher J. Isaak,Christopher Joseph Isaak
 David Bowie 
 David Cook 
 Don Omar 
 Hot Chelle Rae 
 Jessica Simpson 
 Jo Dee Messina 
 Loretta Lynn ,Loretta Webb
 Marilyn Manson ,Brian H. Warner,Brian Hugh Warner,Brian Warner
 Maxwell ,Willie Junior Maxwell II,Harlem Fetty,Willie Maxwell,William Maxwell,Willie Francis Bennilava Maxwell,Willie Maxwell II
 Montgomery Gentry 
 Monica ,Renato Simunovic
 New Kids on the Block ,NKOTB
 Pink Floyd 
 Pierce the Veil 
 Porter Wagoner 
 Queen 
 Young Jeezy ,Jay Jenkins,Jay Wayne Jenkins,Young Jeezy
 Steve Perry ,Stephen R. Perry,Stephen Ray Perry
 Tanya Tucker ,Tanya Denise Tucker
 The Spill Canvas 
 Tom Jones 
 Tyrese ,Tyrese Gibson,Black-Ty
 Whitesnake ,Trippie Hippie,M. L. White IV,Michael L. White IV,Michael Lamar White,Michael White IV,Big 14,Michael Lamar White IV,Lil 14
 Will.I.Am ,Willie Junior Maxwell II,Harlem Fetty,Willie Maxwell,William Maxwell,Willie Francis Bennilava Maxwell,Willie Maxwell II
 YG ,Keenon Daequan Ray Jackson,Keenon D. R. Jackson,Keenon DaQuan Ray Jackson,Keenon Jackson
 Sammy Arriaga 
 Mo Pitney 
 Rich Gang 
 Years & Years 
 Jacquie Lee 
 Rae Sremmurd 
 Aerosmith 
 ABBA 
 Beastie Boys 
 B.o.B ,Bobby Ray Simmons Jr.,Bobby Ray
 Cee-Lo Green ,Thomas Burton,Thomas DeCarlo Burton,Thomas Callaway,Thomas DeCarlo Callaway,Thomas D. Callaway
 Chris LeDoux 
 Clutch 
 Creedence Clearwater Revival 
 David Archuleta 
 David Guetta ,Pierre David Guetta
 Easton Corbin 
 En Vogue 
 Foreigner 
 G-Unit 
 Gavin DeGraw 
 Hollywood Undead 
 Jennifer Hudson 
 Jerrod Niemann 
 Lauryn Hill ,Lauryn N. Hill,Lauryn Noelle Hill,Ms. Lauryn Hill
 Lil Jon 
 Missy Elliott ,Missy 'Misdemeanor' Elliott,Missy,Melissa A. Elliott,Melissa Arnette Elliott,Melissa Elliott
 Seether ,Saron Gas
 Steel Panther 
 Tiësto 
 Thompson Square 
 Tracy Lawrence 
 Uncle Kracker 
 Casey James 
 Nubetia 
 Brandon Michael ,Brandon Michael Green,Bei Maejor,Maejor Ali
 Aretha Franklin 
 Boyz II Men 
 Bohemia ,The Punjabi rapper
 Corb Lund 
 Cyndi Lauper ,Cynthia Lauper,Cynthia Ann Stephanie Lauper
 Exo 
 Foxy Brown 
 Gorillaz ,Gorillaz Partnership
 Jason Michael Carroll 
 Josh Abbott Band 
 Keyshia Cole 
 Laura Bell Bundy 
 Mac Miller ,Larry Lovestein,Smoke Mo' Purp,Malcolm McCormick,Easy Mac,M. McCormick,Malcolm James McCormick,EZ Mac
 Ludacris ,Christopher Bridges,Chris Bridges,Ludcaris,Ludichris
 Mary Chapin Carpenter 
 Mary J. Blige ,Mary Blige,Mary Jane Blige
 Neil Diamond ,Neil L. Diamond,Neil Leslie Diamond
 Paris Hilton ,Castro The Silent,Leroy Kid,Cold Siemens
 Tesla 
 SWV ,Sisters With Voices
 The Killers 
 U2 
 Vanessa Paradis 
 Van Halen 
 ZZ Top 
 Eros Ramazzotti 
 3T 
 Alice in Chains ,AIC
 Asking Alexandria 
 Billy Ray Cyrus 
 Carly Rae Jepsen 
 Chris Tomlin 
 Daughtry 
 Dire Straits 
 Eli Young Band 
 Evanescence 
 Fleetwood Mac 
 Franda Robertson 
 Fugees 
 Hal Ketchum 
 J-Pimp ,Jordan Houston,Jordan M. Houston,Jordan Michael Houston
 Jodeci ,Aubrey Drake Graham,Drizzy,6 God,Champagne Papi,Aubrey D. Graham,Aubrey Graham,C. Papi
 Johnny Gill ,Ralph Tresvant x Bobby Brown x Johnny Gill x Ricky Bell x Michael Bivins x Ronnie DeVoe
 Kelly Price 
 Kid Cudi ,King WZRD,S. R. S. Mescudi,Scott R. S. Mescudi,Scott S. Mescudi,Scott R. Mescudi,Scott Ramon Mescudi,Scott Seguro Mescudi,Cud Life,King Cudi,Scott Mescudi,The Man on the Moon,Mr. Solo Dolo,Scott Ramon Seguro Mescudi,Cudi,Cudder,Mr. Rager,King Wizard
 Larry LaRiviere 
 LMFAO 
 Lucy Hale 
 Meghan Linsey 
 Miguel ,Wildheart Miguel,Miguel J. Pimentel,Miguel Jontel Pimentel,Miguel Pimentel
 Ne-Yo ,Shaffer Chimere Smith,Shaffer Smith
 Pandora ,2MZ
 Skeleton Rock ,Eric Sanders
 Tech N9ne ,Tecca Nina,Aaron Dontez Yates,Tech Nine
 The Beautiful South 
 The Cult 
 Trans-Siberian Orchestra 
 Wale ,Olubowale Victor Akintimehin,Olubowale Akintimehin
 Wolfgang Petry 
 Kristen Kelly 
 John Newman 
 MisterWives 
 Raury 
 Brooke Eden ,Brooke Eden Helvie
 Post Malone ,Austin Richard Post,Austin Post,Austin R. Post,Stoney Maloney
 Thirty Seconds to Mars ,30STM,30 Seconds to Mars
 Afrojack 
 Babyface ,Lil Thot,Lil Montana,Black Forest
 Cam'ron ,Cameron Giles,Killa Cam,Cameron Ezike Giles,Cameron E. Giles
 Chuck Wicks 
 Creed 
 Dean Brody 
 Eagles 
 Hanson 
 Hank Williams III ,Shelton Hank Williams,Hank 3
 Harry Stinson ,Earl Eugene Scruggs
 Héroes del Silencio 
 Janis Joplin 
 Kyle Park 
 Kathy Mattea 
 Jimmy Buffett ,James William Buffett
 Joe Diffie ,J. Diffie,Joe L. Diffie,Joe Logan Diffie
 John Michael Montgomery 
 Jonas Brothers 
 Julie Roberts 
 Journey 
 k.d. lang 
 Kristina Train 
 Love and Theft 
 Michael Ray ,Michael Ray Nguyen-Stevenson,Michael Stevenson,Marshall Stevenson,King Gold Chains,Tygaman,Micheal Ray Stevenson,T-Raww
 Matt Stillwell 
 Modern Talking 
 Negro Success 
 Muse ,Jahron A. Brathwaite,Jahron Brathwaite,PND,Jahron Anthony Brathwaite,J. Brathwaite,Jahron B.,J. Braithwaite
 New Boyz 
 Paul McCartney 
 Patty Loveless 
 Pearl Jam 
 Ray Price 
 Redfoo ,Stefan K. Gordy,Stefan Gordy,Stefan Kendal Gordy
 Reik 
 Rhett Akins ,Thomas Rhett Akins Jr.
 Roberto Carlos 
 Ronnie Milsap ,Ronnie Lee Milsap
 Skylar Grey ,Holly Brook Hafermann,Holly Hafermann,Holly Brook
 Steve Aoki ,Bulletproof Boy Scouts,Bangtan Sonyeondan,Bangtan Boys
 Sting ,Gordon Sumner,Gordon Matthew Thomas Sumner
 System of a Down ,SOAD
 The Fray 
 The Jets ,Sir Elton H. John,Elton H. John,Sir Elton Hercules John CBE,Sir Elton H. John CBE,Sir Elton John CBE,Reginald Dwight,Reginald K. Dwight,Reginald Kenneth Dwight,Elton Hercules John,Sir Elton Hercules John
 Third Eye Blind 
 Three Days Grace 
 Tom T. Hall ,Thomas Hall
 Will Smith ,Willard Carroll Smith Jr.,The Fresh Prince
 Futuristic 
 Krewella 
 Andy Grammer 
 RaeLynn 
 MTV Philippines 
 T-Ferg 
 Damien Escobar ,Nicolas Salvadori,Professeur Punchline,Schneck Guex,Shrek Gueko,Seth Guex
 Zara Larsson ,Zara Maria Larsson
 A Flock of Seagulls 
 Ace Hood ,Antoine McColister
 Armin van Buuren 
 Ashley Gearing 
 Audioslave 
 Bill Anderson ,James William Anderson III
 Cameo 
 Brian McKnight ,Brian K. McKnight,Brian Kelly McKnight
 Bruce Springsteen 
 Busy Signal ,Glendale Goshia Gordon
 Charlie Robison 
 Chris Stapleton 
 Christopher Wayne Morris 
 Christina Perri 
 Corey Smith 
 Dashboard Confessional 
 Dean Miller ,Roger Dean Miller
 Destiny's Child ,Girl's Tyme
 Dionne Warwick 
 Elton John ,Sir Elton H. John,Elton H. John,Sir Elton Hercules John CBE,Sir Elton H. John CBE,Sir Elton John CBE,Reginald Dwight,Reginald K. Dwight,Reginald Kenneth Dwight,Elton Hercules John,Sir Elton Hercules John
 Enya ,Enya Patricia Brennan,Enya Brennan,Eithne Pádraigín Ní Bhraonáin
 Five Finger Death Punch ,FFDP,5FDP
 Girls' Generation 
 Gucci Mane ,Radric Davis,Radric D. Davis,Radric Delantic Davis
 Holly Williams 
 James Otto 
 John Denver ,Henry Deutschendorf Jr.,Henry Deutschendorf,Henry J. Deutschendorf Jr.,Henry J. Deutschendorf,Henry John Deutschendorf Jr.,Henry John Deutschendorf
 Kate Ryan 
 K-Ci & JoJo ,K-Ci & JoJo x DeVante Swing x Mr. Dalvin
 Kiss ,Robyn Fenty,Robyn Rihanna Fenty,R. Fenty,Bad Girl Riri,Robyn R. Fenty
 Lalah Hathaway 
 Led Zeppelin 
 Michael Bublé 
 Nelly Furtado ,Nelly K. Furtado,Nelly Kim Furtado
 Nipsey Hussle ,Ermias Joseph Asghedom,Nipsey Hustle,Ermias Asghedom,Nipsey
 Pusha T ,King Push,Terrence L. Thornton,Terrence LeVarr Thornton,Terrence Thornton,Terrar
 Rachel Potter 
 Ray Stevens ,Harold Ragsdale,Harold Ray Ragsdale
 Raheem DeVaughn 
 Rhonda Vincent ,Rhonda Lea Vincent
 Robert Plant 
 Secondhand Serenade 
 Siakol 
 Shooter Jennings 
 Shinedown 
 Smokey Robinson 
 Superman Is Dead ,Kevin “El Picante” Pouya,Kevin Pouya,Baby Bone,Pou,Underground Underdog,MC Booty Crusha,Lil Pou
 Terri Clark 
 The Grascals 
 Yo Gotti ,Mario Mims
 Yanni 
 Tamar Braxton ,Tamar Estine Braxton,Tamar Herbert,Tamar Estine Herbert,Tamar Estine,Tamar
 Mike Myers 
 RACING SONGS ,Sons of Angels
 Mary Lambert 
 BANKS ,Miss Bank$,Azelia Banks
 Zack Knight 
 Curtis Braly 
 Lacy Cavalier 
 Chase Bryant 
 BigDawg Chino 
 Bank Notes 
 After 7 
 Amerie ,Amerie Rogers
 Angelic Gospel Singers 
 Banda Los Recoditos 
 Billy Dean ,William Harold Dean Jr.
 Black Sabbath ,The Polka Tulk Blues Band,BS
 Boys Like Girls 
 BTS Chitlom 
 Canvas 
 R. City ,Planet VI,Planet 6,Rock City
 Connie Smith 
 Duffy 
 George Michael ,Georgios Kyriacos Panayiotou,G.K. Panayiotou
 Gigi D'Agostino 
" Harry Connick, Sr. "
 Inna ,Elena Alexandra Apostoleanu
 The Jackson 5 ,The Jackson Five,The Jackson 5ive,The Jackson Brothers
 Keith Sweat 
 Kelleigh Bannen 
 Korn 
 Lata Mangeshkar 
 Lena Meyer-Landrut ,Lena Johanna Therese Meyer-Landrut,Lena Meyer-Landrut
 Lykke Li ,Lykke Li Timotej Zachrisson
 Martin Solveig 
 MAX ,Amanda Ava Koci
 Molly Felder ,Nicky Voutsinas of house ranch,Mr Young Rich & Handsome,Cheese Puff Da Don,Nicky Gordo,Nicholas Voutsinas
 Natasha Bedingfield ,Natasha A. Bedingfield,Natasha Anne Bedingfield
 Nikki Lane ,Kacey Walker,Nikki Plunket,Nikki L. Plunket,Nikki Lane Plunket,Nicole L. Plunket,Nicole Lane Plunket
 New Edition ,Ralph Tresvant x Bobby Brown x Johnny Gill x Ricky Bell x Michael Bivins x Ronnie DeVoe
 One Way ,Ricardo Valentine,Ricardo Valdez Valentine
 N.W.A ,Niggaz Wit Attitudes,Niggaz With Attitudes,Dr. Dre x Ice Cube x Eazy-E x MC Ren x DJ Yella,(N.W.A.) The D.O.C
 Phil Vassar ,Phillip Vassar,Phillip G. Vassar,Phillip George Vassar
 Rammstein ,Rammstein-Flugschau
 Randy Boone 
 Richard Marx 
 Romeo Santos 
 Ryan Adams ,David R. Adams,David Ryan Adams
 Silverchair 
 Sonu Nigam 
 Styx 
 Suzanne Conroy 
 Take That ,Cracky Blackz,Lekan Akinsoji
 The Big F 
 The Wanted 
 Tracy Byrd 
 Turnpike Troubadours 
 Vicente Fernández 
 Wham! 
 Vybz Kartel ,Addi di Teacher,Gaza Emporer,Addi Innocent,Adidja Azim Palmer
 Wisin Y Yandel 
 Z-Ro ,Joseph Wayne McVey IV,Joseph Wayne McVey,The Mo City Don
 Dev ,Devon Turner,DevTakeFlight
 Cinderella ,Larry Lovestein,Smoke Mo' Purp,Malcolm McCormick,Easy Mac,M. McCormick,Malcolm James McCormick,EZ Mac
 The 1975 
 Tom Odell ,Thomas Peter Odell
 Sundy Best 
 Keith Walker 
 Kathleen Regan 
 Ella Henderson ,Gabriella Michelle Henderson
 Silento ,Ricky Lamar Hawk
 Hailee Steinfeld 
 a-ha 
 Bantam 
 Aaron Watson 
 Ashley McBryde 
 Azealia Banks ,Miss Bank$,Azelia Banks
 Beenie Man ,Moses Anthony Davis,Moses Davis,Anthony Moses Davis
 Barry White ,Barry Eugene Carter,Barry E. Carter,Barry Eugene White,Barry E. White,The Walrus of Love
 Bilal 
 Bob Seger 
 Bobby Bare 
 Breaking Benjamin 
 Buckethead ,Brian Patrick Carroll,Brian Carroll
 Bubba Sparxxx ,Warren Anderson Mathis,Warren Mathis,Andy Mathis,Bubba K
 Caitlyn Smith ,Caitlyn E. Smith,Caityln Elizabeth Smith
 Cher ,Black Rose,Cherilyn Sarkisian
 Collin Raye ,Floyd E. Wray,Floyd Wray,Floyd Elliot Wray
 Cobra Starship 
 Daft Punk ,Guy-Manuel de Homem-Christo & Thomas Bangalter
 Diplo ,Labrinth Sia & Diplo
 E.M.S
 Emily West 
 Fantasia ,Fantasia Monique Barrino
 Fergie ,Stacy Ferguson
 Foxes 
 Frankie Ballard 
 fun. 
 The Gibson Brothers 
 Grandmaster Caz ,Casanova Fly,DJ Casanova Fly
 Hedley 
 Himesh Reshammiya 
 Himesh Reshammiya 
 Hilary Duff ,Hilary E. Duff,Hilary Erhard Duff
 James Morrison 
 Jenni Rivera ,La Diva de la Banda,Janney
 Joe Thomas 
 Jessica Andrews 
 Jessie Ware ,Jessica Lois Ware
 Jethro Tull 
 Jimmy Wayne 
 John Conlee 
 Juicy J ,Jordan Houston,Jordan M. Houston,Jordan Michael Houston
 K-Pop ,K-Pop Genius
 Keith Whitley ,Jackson Keith Whitley
 Leona Lewis 
 Lyle Lovett 
 Mandy Barnett 
 Marco Antonio Solís 
 Mary Mary 
 Menudo 
 Mika ,Michael Penniman
 Newsboys 
 Nicole Scherzinger 
 Pat Benatar 
 Patrick Stump ,Patrick Vaughn Stump,Patrick M. Stumph,Patrick Martin Stumph,Patrick Stumph
 Paulina Rubio 
 Ricky Skaggs ,Ricky Lee Skaggs
 Sammi Smith 
 Shawn Mullins 
 SHeDAISY 
 Sheila on 7 
 Shelby Lynne 
 Simple Plan 
 Soundgarden 
 The Beach Boys 
 The Canton Spirituals 
 The Cranberries ,The Cranberry Saw Us
 The Cure ,Stefani Germanotta,Stefani Joanne Angelina Germanotta,Gaga
 The Isley Brothers 
 The Smashing Pumpkins 
 The Whites 
 Truth Be Told ,Toosii 2x,Naujour Grainger,King Toosi,King Toosii
 UB40 
 William Fitzsimmons 
 Alabama Shakes 
 Charlie Simpson 
 MET G. 
 Haze Da Punter 
 Jay Entendre 
 SoMo 
 TJ Howard 
 George Ezra ,George E. Barnett,George Ezra Barnett
 Nico & Vinz ,Envy
 Alanis Morissette 
 Alka Yagnik 
